{
  "top1_score_threshold": 0.05718336071187209,
  "margin": 0.001,
  "pos": {
    "n": 20,
    "min": 0.16960558642839088,
    "median": 0.17876173831031447,
    "p75": 0.20460299741680685,
    "max": 0.22426450291828912
  },
  "neg": {
    "n": 5,
    "min": 0.039727635349214606,
    "median": 0.04249577143538137,
    "max": 0.05618336071187209
  }
}